{"pos_x":80.026184,"pos_y":325.97556,"zoom_x":0.88998175,"zoom_y":0.88998175}