{"pos_x":214.2337,"pos_y":411.52136,"zoom_x":0.7139095,"zoom_y":0.7139095}