{"pos_x":776.5484,"pos_y":800.1498,"zoom_x":1.1557028,"zoom_y":1.1557028}