{"pos_x":194.70673,"pos_y":244.14691,"zoom_x":1.1045098,"zoom_y":1.1045098}