{"pos_x":890.0091,"pos_y":981.324,"zoom_x":0.4387762,"zoom_y":0.4387762}