{"pos_x":725.5857,"pos_y":403.44772,"zoom_x":0.7666664,"zoom_y":0.7666664}