{"pos_x":143.95642,"pos_y":415.80392,"zoom_x":0.7328511,"zoom_y":0.7328511}