{"pos_x":194.3819,"pos_y":406.05807,"zoom_x":0.71618444,"zoom_y":0.71618444}