{"pos_x":1103.0627,"pos_y":1135.2766,"zoom_x":0.4958327,"zoom_y":0.4958327}